,index,id,date,num_day_of_week,day_of_week,plays,likes,comments,reach,saved,shares,total_interactions,permalink,caption,hashtags,hour posted,enjoyment,shortcap
9,0,17877165770251528,2021-03-25,3,Thurs,783,194,1,32,1,2,198,https://www.instagram.com/reel/CM15ALphrl7/,"Matcha Latte

#matcha #matchalatte #matchalover #matcharecipes #matchagreentea #latte #lattelove #lattegram #galulab #barista #baristalife #baristadaily #coffee #caffeineaddict",14,12,24.776500638569605,"Matcha Latte

#matcha #ma"
13,1,17865548927371449,2021-03-30,1,Tues,2298,180,0,43,3,0,183,https://www.instagram.com/reel/CNCyaGAH-3a/,"Butterfly Pea Tea Latte ğŸ¦‹ 

-Milk
-Brown Sugar Cinnamon Syrup
-Ice
-Butterfly Pea Tea

#latte #gaulab #mixology #brewing #teatime #lattegram #lattelove #butterflypeaflower #butterflypeatea",9,12,7.83289817232376,Butterfly Pea Tea Latte ğŸ¦‹
14,2,18138970360161828,2021-03-31,2,Weds,985,193,0,55,4,1,198,https://www.instagram.com/reel/CNFW6oznspc/,"Caramel Frappe 

-Ice
-Coffee
-Caramel
-Xanthan Gum
-Milk

#galulab #frappe #frappuccino #frappÃ© #caramel #caramelfrappe #caramelcoffee #caramelfrappuccino #coffee #coffeelover #coffeetime #coffeeaddict",12,12,19.593908629441625,"Caramel Frappe 

-Ice
-Co"
15,3,17867279756434958,2021-04-01,3,Thurs,1059,242,4,35,7,0,253,https://www.instagram.com/reel/CNIr5iWnlJL/,"BPT Lemonade ğŸ¦‹ ğŸ‹ 

#bpt #butterflypeaflower #butterflypeatea #lemonade #mixology #lemon #lemondrink #galulab #drinkstagram #drinks",10,19,22.851746931067044,"BPT Lemonade ğŸ¦‹ ğŸ‹ 

#bpt #"
16,4,18087997126247426,2021-04-02,4,Fri,1957,193,2,49,6,1,202,https://www.instagram.com/reel/CNLjJQXnNC4/,"Coffee Rum

-Coffee
-Rum
-Cinnamon Syrup
-Ice

#coffeerum #coffeedrink #rum #coffeelover #coffeemixology #mixology #rumlovers #galulab",8,22,9.862033725089422,"Coffee Rum

-Coffee
-Rum
"
17,5,17842297982578353,2021-04-03,5,Sat,994,232,4,27,5,0,241,https://www.instagram.com/reel/CNNXA0XnD_-/,"Pumpkin Pie Iced Latte

-Ice
-Cold Brew Concentrate
-Pumpkin Spice Syrup
-Milk

#pumpkinpie #pumpkinpiespice #pumpkinlatte #pumpkinspicelatte #pumpkinpielatte #latte #lattelove #icedlatte #icedlatteaddict",9,15,23.340040241448694,"Pumpkin Pie Iced Latte

-"
18,6,17956429033417503,2021-04-04,6,Sun,1317,265,2,53,9,0,276,https://www.instagram.com/reel/CNPvdUdH1Vk/,"Strawberry Basil Mojito

-frozen strawberries 
-basil
-honey
-ice
-lemon
-rum
-soda

#galulab #mojito #mojitotime #strawberrymojito #strawberrybasilmojito #mixology #mixologist #mixologyart #bartender",9,13,20.121488230827637,"Strawberry Basil Mojito

"
19,7,17910386635698062,2021-04-05,0,Mon,1317,300,6,32,13,1,320,https://www.instagram.com/reel/CNSKaN_nmyd/,"Blueberry Iced Latte ğŸ« 

-blueberry 
-sugar
-water
-ice
-milk
-cold brew

#galulab #coffee #coldbrew #coldbrewcoffee #blueberry #latte #coffeelover #latteartgram #milk",9,12,22.779043280182233,"Blueberry Iced Latte ğŸ« 

"
20,8,17906758939792133,2021-04-06,1,Tues,2465,245,4,75,6,0,255,https://www.instagram.com/reel/CNUzAednOWE/,"Black Lavender Boba TeağŸ§‹ 

-boba
-ice
-lavender syrup
-black tea
-milk

#boba #galulab #bobatea #bobamilktea #blacktea #lavender #blackmilktea #milktea #tealover #bobatealover",10,12,9.939148073022313,Black Lavender Boba TeağŸ§‹ 
22,9,18005639230312119,2021-04-08,3,Thurs,914,169,5,57,3,0,177,https://www.instagram.com/reel/CNaErhdHC3E/,"Rum Sour 

-aquafaba
-lemon
-rum
-honey
-ice 
-flower bitters

#galulab #rumsour #rum #mixology #rumcocktails #whiskysour #mixologist #flordecaÃ±a #mountainelixirs #strongwatermountainelixirs",10,13,18.49015317286652,"Rum Sour 

-aquafaba
-lem"
23,10,17956886152422156,2021-04-09,4,Fri,981,152,4,36,3,0,159,https://www.instagram.com/reel/CNch72snEUl/,"Vietnamese Coffee â˜•ï¸ 

-condensed milk
-coffee

#vietnamesecoffee #coffee #galulab #mixology #coffeelover #coffeetime #coffeeaddict #espresso #aeropress #condensedmilk @aeropress",10,12,15.494393476044852,"Vietnamese Coffee â˜•ï¸ 

-c"
24,11,17867107580445557,2021-04-10,5,Sat,2838,218,5,41,9,0,232,https://www.instagram.com/reel/CNfgpUhnx9p/,"Michelada de Maracuya

-tajin rim
-ice
-lemon
-Worcestershire 
-hot sauce
-passionfruit juice
-lagger

#michelada #mixology #galulab #heineken #worcestershire #beer #micheladas #beerstagram #beerlover @heineken #beerme",10,16,7.681465821000705,"Michelada de Maracuya

-t"
26,12,17896304584962552,2021-04-12,0,Mon,962,185,3,72,5,0,193,https://www.instagram.com/reel/CNkZNaRndov/,"Peppermint Mocha Iced Latte 

-ice
-peppermint syrup
-chocolate sauce
-coffee

#peppermint #galulab #peppermintmocha #mintcoffee #coffee #mocha #coffeelover #coffeetime",8,14,19.230769230769234,Peppermint Mocha Iced Lat
27,13,17894593024921843,2021-04-13,1,Tues,3642,281,7,59,23,1,312,https://www.instagram.com/reel/CNm1n7_nVVi/,"Color Changing Margarita ğŸ’™->ğŸ’—

-Butterfly Pea Tea
-Honey
-Tequila
-Tajin Rim
-Ice
-Lemon

#margarita #margaritatime #butterflypeaflower #mixology #bartender #mixology #galulab",7,12,7.71554091158704,Color Changing Margarita 
29,14,17889011900108537,2021-04-15,3,Thurs,2319,209,7,43,11,0,227,https://www.instagram.com/reel/CNr9guRnl7x/,"Cinnamon Brown Sugar Boba Coffee

-boba
-cinnamon brown sugar syrup
-ice
-milk
-coffee

#cinnamonsugar #brownsugarboba #brownsugarmilktea #coffee #coffeelover #coffeetime #boba #bobatea #bobalife #cinnamonbrownsugar",10,12,9.01250539025442,Cinnamon Brown Sugar Boba
30,15,17894740273992059,2021-04-16,4,Fri,710,142,4,67,4,0,150,https://www.instagram.com/reel/CNu1LPfniXB/,"Frozen Pineapple Daiquiri ğŸ 

-frozen pineapple 
-xanthan gum
-honey
-lemon
-rum

#daiquiri #pineapple #galulab #frozendrinks #frozendaiquiri #rum #rumlovers #flordecaÃ±a #daiquiristogo #pineappledaiquiri",10,15,20.0,Frozen Pineapple Daiquiri
31,16,17873642846346669,2021-04-17,5,Sat,787,151,1,87,7,0,159,https://www.instagram.com/reel/CNxcbevnhhj/,"Maracuya Mojito

-Maracuya
-Honey
-Mint
-Ice
-Rum
-Lemon Juice
-Soda

#maracuya #mojito #galulab #mojitotime #mojitos #mojitodemaracuya #rum #rumlovers #flordecaÃ±a",9,15,19.186785260482846,"Maracuya Mojito

-Maracuy"
32,17,18219000340027366,2021-04-19,0,Mon,2556,142,2,71,7,2,153,https://www.instagram.com/reel/CN1BzE-nGlJ/,"Mango JalapeÃ±o Margarita ğŸ¥­ 

-mango
-jalapeÃ±o
-tequila
-honey
-lemon
-tajin rim
-ice

#margarita #galulab #mangomargarita #mangojalapeÃ±o #mangojalapenomargarita #margaritas #margaritatime #tequila #tequilacocktails",9,01,5.555555555555555,Mango JalapeÃ±o Margarita 
34,18,17914973473674199,2021-04-27,1,Tues,7826,195,3,54,8,0,206,https://www.instagram.com/reel/COKtWiAHgtr/,"Rum Fashioned ğŸ”¥ 

-ginger simple syrup
-ice
-rum 
-bitters
-flame citrus peal 

#galulab #oldfashioned #rum #mixology #mixologybar #bartender #rumlovers",7,11,2.4916943521594686,"Rum Fashioned ğŸ”¥ 

-ginger"
35,19,18143621362161885,2021-05-16,6,Sun,2137,108,0,51,4,0,112,https://www.instagram.com/reel/CO8a90Rn1j_/,"Ginger Matcha Boba Tea ğŸµ ğŸ§‹ 

-hot water
-matcha
-ginger syrup
-boba
-ice 
-milk

#matcha #matchalatte #galulab #matchaicedlatte #boba #bobatea #ginger #gingertea #bobamilktea #milktea #bobalife",11,18,5.053813757604118,Ginger Matcha Boba Tea ğŸµ 
36,20,17867204102516739,2021-06-03,3,Thurs,2257,133,4,105,7,0,144,https://www.instagram.com/reel/CPpaBegHEdG/,"MacuÃ¡ ğŸ‡³ğŸ‡® 

-ice
-rum
-guava juice
-orange juice
-lime juice 

#macua #nicaraguanfood #ronflordecaÃ±a #ronflordecaÃ±a18aÃ±os #flordecaÃ±a #rum #bartender #bartending",8,05,5.8927780239255645,"MacuÃ¡ ğŸ‡³ğŸ‡® 

-ice
-rum
-gua"
37,21,17907697048862029,2021-06-26,5,Sat,883,80,0,56,3,0,83,https://www.instagram.com/reel/CQkR23pHBF-/,"Grand Cosmo 

-vodka
-grand marnier
-lime juice
-cranberry juice
-ice

#cosmo #cosmopolitan #grandmarnier @grandmarnierusa #bartender #mixologist #vodka @belvederevodka #belvedere",7,02,9.060022650056625,"Grand Cosmo 

-vodka
-gra"
38,22,17909834540091494,2021-09-23,3,Thurs,1388,40,1,69,0,0,41,https://www.instagram.com/reel/CUKVxQ5Mv17/,Salted Honey Cream Coffee ğŸ¯ ğŸ§‚,0,10,2.881844380403458,Salted Honey Cream Coffee
39,23,17969388235454046,2021-09-27,0,Mon,3472,78,2,132,1,0,81,https://www.instagram.com/reel/CUV5dtrg5qv/,"Moscow Mule 

-ice
-vodka
-lime juice
-ginger beer",0,22,2.2465437788018434,"Moscow Mule 

-ice
-vodka"
40,24,17886799856375215,2021-10-02,5,Sat,5829,205,0,5912,10,2,217,https://www.instagram.com/reel/CUh9dixs0eT/,"Paloma ğŸ•Š 

-tajin rim
-ice
-lime juice
-grapefruit soda

#paloma #fevertree @fevertree_usa #tequila #tequilamexico #palomacocktail #tequilalover",6,15,3.516898267284269,"Paloma ğŸ•Š 

-tajin rim
-ic"
41,25,18014450818337689,2021-10-14,3,Thurs,6804,178,0,6896,10,10,198,https://www.instagram.com/reel/CVA6zy-DaWM/,"Tequila Michelada

-chamoy rim
-ice
-lime juice (forgot to film it)
-Worcestershire 
-salt
-hot sauce
-tequila
-beer
-tajin
-tarugos tamarindo con chile as a straw (bite the tip)",0,15,2.6161081716637273,"Tequila Michelada

-chamo"
42,26,17926289650878166,2021-10-18,0,Mon,3318,62,1,3370,1,1,65,https://www.instagram.com/reel/CVLdLqJMtB6/,"Brown Sugar Ginger Boba Latte

-bobas
-brown sugar ginger syrup
-ice
-milk
-espresso shot",0,17,1.8685955394816152,Brown Sugar Ginger Boba L
43,27,18009880600331634,2021-11-04,3,Thurs,4243,167,0,4291,6,17,190,https://www.instagram.com/reel/CV3UTajgyc_/,"We love our Palomaâ€™s ğŸ’•ğŸ•Š Cant get enough of them! 

#paloma #palomacocktail #tequila #tequilathursday #tequilatequila @fevertreemixers #cocktails #mixology #mixologist #cocktailsofinstagram",9,18,3.9358944143294843,We love our Palomaâ€™s ğŸ’•ğŸ•Š C
45,28,17988822931417406,2021-11-18,3,Thurs,1148,29,0,1134,2,0,31,https://www.instagram.com/reel/CWbyBpzFZM_/,"Milk ğŸ¥› Punch PiÃ±a ğŸ Colada ğŸ¥¥ 

-rum
-lime juice
-pineapple juice
-coconut water
-milk
Let it sit for at least 20 minutes 
Strain

#milkpunch #cocktails #milkpunchcocktail #pinacolada #cocktail #piÃ±acolada #cocktailsofinstagram",7,22,2.5261324041811846,Milk ğŸ¥› Punch PiÃ±a ğŸ Colad
46,29,17882809127539362,2021-11-21,6,Sun,680,31,0,634,3,3,37,https://www.instagram.com/reel/CWjCsyWJDCc/,"Pumpkin Spiced Latte ğŸƒ 

#pumpkin #pumpkinspice #pumpkinspicelatte #pumpkinseason #coffee #latte #latteartgram #coffeelover",8,18,4.5588235294117645,"Pumpkin Spiced Latte ğŸƒ 

"
47,30,18015623518353092,2021-12-02,3,Thurs,4014,169,7,5083,6,7,189,https://www.instagram.com/reel/CW-3oFVv6l1/,"Spicy Pineapple Margarita ğŸŒ¶ ğŸ 

-ice
-jalapeÃ±o slices
-lime juice
-tequila
-pineapple slices 
-simple syrup 
-shake
-chamoy and tajin rim
Serve on ice ğŸ§Š ğŸ¹ 

#margarita #mixologist #tequila #pineapplemargarita #margaritas #mixology #cocktails #jalapenomargarita #spicymargarita",9,13,4.210264075734928,Spicy Pineapple Margarita
48,31,17978683819448470,2021-12-05,6,Sun,3931,125,0,4070,4,5,134,https://www.instagram.com/reel/CXHjUSlgmiw/,"Ginger Latte

-ice
-coffee
-ginger extract
-simple syrup
-milk

#latte #latteartgram #coffee #coffeelover #coffeetime #coffeebar #barista #baristalife #baristadaily",9,22,3.1798524548460954,"Ginger Latte

-ice
-coffe"
50,32,18196073101120807,2021-12-10,4,Fri,1344,55,0,1503,4,0,59,https://www.instagram.com/reel/CXTBUlJLF2Q/,"Cucumber ğŸ¥’ JalapeÃ±o and Raspberry Gin and Tonic 
â¤ï¸ğŸ’šâ¤ï¸ğŸ’šâ¤ï¸ğŸ’š

-Cucumbers and JalapeÃ±os/Raspberries
-muddle
-gin
-lemon
-tonic water

#christmascocktails #ginandtonic #ginandtonicday #cocktails #drinks #cocktailsofinstagram",6,09,4.092261904761905,Cucumber ğŸ¥’ JalapeÃ±o and R
51,33,17897948951510805,2021-12-12,6,Sun,4574,102,0,4809,20,17,139,https://www.instagram.com/reel/CXZEh-HPNuc/,"It beginning to taste a lot like Christmas with our cranberry clementine + rosemary cocktail ğŸ„ ğŸ…
-clementines
-gin
-Clementine+rosemary syrup
-ice
-cranberries 
-lime juice
-club soda

#christmas #christmascocktails #cocktails #barista #gin #ginlovers",6,17,2.229995627459554,It beginning to taste a l
52,34,17911533833137315,2021-12-24,4,Fri,3594,115,1,3566,2,0,118,https://www.instagram.com/reel/CX3-kHTA41d/,"Have a Holly Jolly Christmas ğŸ„ 

Peppermint mocha latte 

-chocolate
-espresso
-peppermint syrup
-milk

#peppermintmocha #peppermintmochalatte #coffee #coffeelover #christmas #christmascoffee #coffeetime",7,17,3.1997774067890927,Have a Holly Jolly Christ
53,35,17906632457381446,2022-03-18,4,Fri,1313,39,1,1245,0,22,62,https://www.instagram.com/reel/CbPxsO9AHLf/,"That Fizz âœ¨ğŸ‘‚
One of our favorite drinks, but with a little twist ğŸ˜
Moscow Mule 

-ginger beer
-lime juice
-rum 

#asmr #moscowmule #cocktails #moscowmuletime #rum #cocktailrecipes #rumlovers #bartender #bartenderlife #its5oclocksomewhere",10,13,2.9702970297029703,"That Fizz âœ¨ğŸ‘‚
One of our f"
54,36,18284391091023563,2022-03-20,6,Sun,3085,121,1,3036,12,3,137,https://www.instagram.com/reel/CbVRaV7tfrS/,"Ginger Iced Latte 

-ice
-coffee
-ginger extract
-simple syrup
-milk

#latte #coffee #coffeelover #lattegram #icedlatte #baristadaily #gingerlatte",7,16,3.9222042139384112,"Ginger Iced Latte 

-ice
"
55,37,18157651726227605,2022-03-26,5,Sat,11479,215,2,11477,14,11,242,https://www.instagram.com/reel/CblP4k4L-MQ/,"Tequila Sunrise ğŸŒ… 

-ice
-tequila
-orange juice
-grenadine 

#tequila #tequilasunrise #tequilashots #tequilacocktails #cocktailvideos",5,21,1.8729854516943985,"Tequila Sunrise ğŸŒ… 

-ice
"
56,38,17981332972492013,2022-03-31,3,Thurs,8579,481,2,8480,18,22,523,https://www.instagram.com/reel/CbxkSV3pUzn/,"Blackberry Gin and Tonic ğŸ’™

-blackberries 
-ice
-gin
-lemon juice
-tonic water

#ginandtonic #mixology #blackberries #gintonic #gin",5,16,5.606714069238839,Blackberry Gin and Tonic 
57,39,17942974780981917,2022-04-26,1,Tues,11273,454,8,11382,9,14,485,https://www.instagram.com/reel/Cc0_0mevzkJ/,"Whiskey Highball

-whiskey
-soda water

#whiskey #whiskeyhighball #whiskeylover #whiskeygram #cocktailvideos #cocktails #mixology",7,20,4.027321919630976,"Whiskey Highball

-whiske"
58,40,17969481454581159,2022-04-27,2,Weds,3332,229,0,3350,4,2,235,https://www.instagram.com/reel/Cc3lY32Jpc0/,"That Bloom ğŸ¥¹
Are you more of an iced coffee or a hot coffee person? 

#coffee #coffeelover #coffeelover #coffeebrewing #coffeebloom #freshcoffee",6,20,6.872749099639856,"That Bloom ğŸ¥¹
Are you more"
59,41,18295086454019166,2022-05-10,1,Tues,3764,123,0,3757,3,1,127,https://www.instagram.com/reel/CdZScdJjRUg/,"Macua Milk Punch

-white rum
-lime juice
-orange juice
-guava juice
-milk

#rumcocktail #macua #milkpunchcocktail #cocktailvideos #cocktail @bacardi",5,22,3.2678002125398518,"Macua Milk Punch

-white "
60,42,17932450328270887,2022-05-27,4,Fri,9413,627,3,9675,15,39,684,https://www.instagram.com/reel/CeDL8BntKHk/,"Pineapple JalapeÃ±o Paloma ğŸğŸŒ¶ ğŸ•Š

#paloma #tequila #milagrotequila @milagrotequila #tequilatequila",4,05,6.661000743652395,Pineapple JalapeÃ±o Paloma
61,43,17946202954986188,2022-05-28,5,Sat,4570,333,0,4624,4,6,343,https://www.instagram.com/reel/CeGMo7svIoR/,"Gin and Tonic ğŸ§Šso simple yet so versatile ğŸ–¤ğŸ§¡just add some fruit and youâ€™ll create a unique experience every time ğŸ“ğŸ‘ğŸğŸ¥ğŸ¥­ğŸ¥¥ğŸ«

#ginandtonic #gin #cocktails #fruitcocktail",4,09,7.286652078774616,Gin and Tonic ğŸ§Šso simple 
62,44,18179135635169713,2022-06-14,1,Tues,19591,828,2,20289,34,34,898,https://www.instagram.com/reel/CeyXq6QlMJ9/,"Ginger Old FashionedğŸŠ

-ginger simple syrup
-whiskey
-bitters
-orange peel

#oldfashioned #whiskey #whiskeylife #okdfashion #oldfashionedcocktail #cocktails #cocktailrecipes",7,13,4.226430503802766,"Ginger Old FashionedğŸŠ

-g"
63,45,18217133086176115,2022-06-15,2,Weds,3427,174,0,3365,7,34,215,https://www.instagram.com/reel/CezpYFsvHRt/,"A little preview of what we do here â¤ï¸

#cocktails #coffee #tea #bartender #mixologist #barista",6,01,5.077327108257951,A little preview of what 
64,46,17968516003712577,2022-06-26,6,Sun,5483,260,1,5531,12,11,284,https://www.instagram.com/reel/CfSQDWzPMpP/,"Spicy Watermelon Margarita ğŸŒ¶ğŸ‰

-tajin rim @tajinusa @tajinmexico 
-watermelon
-fermented spicy honey
-more honey
-lime juice
-tequila
-ice
-mix ğŸ¤—

#margarita #watermelon #cocktails #cocktailrecipes #cocktailsofinstagram #margaritas #tajin #watermelonmargarita",8,22,4.741929600583622,Spicy Watermelon Margarit
65,47,17950233376876203,2022-06-28,1,Tues,10511,354,4,10809,32,16,406,https://www.instagram.com/reel/CfXadHFLdMS/,"Macua ğŸ‡³ğŸ‡®ğŸŠ

-lime juice
-orange juice
-white rum
-guava juice

#macua #rum #whiterum #cocktails #rumcocktails #mixologist",6,22,3.367900294929122,"Macua ğŸ‡³ğŸ‡®ğŸŠ

-lime juice
-o"
66,48,17912564639584237,2022-07-05,1,Tues,23981,683,1,24206,27,15,726,https://www.instagram.com/reel/CfpGIslF-Ez/,"Easy and refreshing ğŸ§ŠğŸ«§ coffeeâ˜•ï¸ for a bad hair day ğŸ¤­

#coffee #coffeesoda #bartenderlife #barista #coffeetime #coffeelover",6,19,2.848088069721863,Easy and refreshing ğŸ§ŠğŸ«§ co
67,49,17950662472985346,2022-07-06,2,Weds,9785,440,0,10189,18,15,473,https://www.instagram.com/reel/CfrdsKpPzg9/,"Maracuya Macua ğŸ§¡ğŸ’›ğŸ’•

-rum
-guava juice
-maracuya juice
-orange juice
-citric acid
-orange bitters

#macua #nicaragua #cocktails #rum #drink #its5oclocksomewhere",6,17,4.496678589678078,"Maracuya Macua ğŸ§¡ğŸ’›ğŸ’•

-rum
"
68,50,17934016823483928,2022-07-10,6,Sun,23470,855,3,23086,85,33,976,https://www.instagram.com/reel/Cfz5TNephA0/,"White Sangria ğŸ¤ğŸ·ğŸ‘ğŸŠ

#sangria #whitesangria #wine #cocktails",4,00,3.6429484448231784,"White Sangria ğŸ¤ğŸ·ğŸ‘ğŸŠ

#sang"
69,51,17863638440756387,2022-07-10,6,Sun,21292,919,1,21631,38,47,1005,https://www.instagram.com/reel/Cf1oW_WOORm/,"Peach Melon Gin & Tonic ğŸ‘ğŸ§¡ğŸ’›

-peach
-melon
-ice
-lime juice
-gin
-@fevertreemixers tonic water

#gin #gintonic #cocktails #ginandtonic",4,16,4.316175089235394,Peach Melon Gin & Tonic ğŸ‘
70,52,17946307523097890,2022-07-11,0,Mon,8123,317,0,8243,20,3,340,https://www.instagram.com/reel/Cf4viNPuiYj/,"Mega throwback to when we were in college ğŸ¤­
Boba Vietnamese milk tea with cheese foam ğŸ§‹ğŸ¥›ğŸ§€

-boba 
-ice
-condensed milk
-milk
-white tea
Cheese Foam:
-cream cheese
-powdered sugar
-milk
-heavy cream

#boba #bobatea #bobamilktea #milktea #milkteatime #whitetea #tea #teatime #vietnamesetea",9,21,3.902499076695802,Mega throwback to when we
72,53,17915457761478099,2022-07-17,6,Sun,6598,498,0,6682,19,13,530,https://www.instagram.com/reel/CgHrs1HMBRU/,"Coconut Margarita ğŸ¥¥ğŸŒ´

-lime juice
-coconut milk
-homemade chilli honey
-honey
-tequila @eljimadortequila 

#tequila #coconutmargarita #margarita #tropicalvibes #tropicalcocktails #cocktails #eljimador #coconutcocktail #asmr",9,16,7.547741739921188,"Coconut Margarita ğŸ¥¥ğŸŒ´

-li"
73,54,17940870107060618,2022-07-19,1,Tues,14049,518,2,14105,14,12,546,https://www.instagram.com/reel/CgNSvlWD3kW/,"Mocha Latte ğŸ« â˜•ï¸ ğŸ¥› 

#coffee #coffeetime #coffeelover #coffeeaddict #mocha #mochalatte #latte #lattegram #asmr",9,20,3.687095166915795,"Mocha Latte ğŸ« â˜•ï¸ ğŸ¥› 

#cof"
74,55,17915140724487104,2022-07-21,3,Thurs,42155,1093,6,41219,78,99,1276,https://www.instagram.com/reel/CgSnvYVl1cd/,"Watermelon Chelada ğŸ‰ 

@corona #michelada #micheladatime #asmr #cocktails #chelada #beer #cerveza",7,22,2.592812240540861,"Watermelon Chelada ğŸ‰ 

@c"
75,56,17970835300669819,2022-07-24,6,Sun,32141,1205,11,31912,69,28,1313,https://www.instagram.com/reel/CgaLv5fpsRO/,"Japanese Highball ğŸ‹ âœ¨

-whiskey
-seltzer 
-lemon oil
-lemon peel

#japanesehighball #highball #whiskey #whiskeygram #cocktails #asmr",6,20,3.7491055038735572,"Japanese Highball ğŸ‹ âœ¨

-w"
76,57,17938561961245834,2022-07-27,2,Weds,4900,179,2,4806,9,2,192,https://www.instagram.com/reel/CgfwZW7MkO9/,"Whatâ€™s your favorite drink? 

#coffee #matcha #miami #florida #america #drinks #cocktails",7,00,3.653061224489796,Whatâ€™s your favorite drin
77,58,18310103056005335,2022-07-28,3,Thurs,22309,739,11,22402,36,45,831,https://www.instagram.com/reel/CgkgeuHOrHe/,"Cucumber JalapeÃ±o Margarita ğŸ¥’

-cucumber
-jalapeÃ±o 
-lime juice
-honey
-fermented honey
-tequila
-ice

#tequila #margarita #cucumbermargarita #jalapeÃ±o #spicymargarita #florida #miami #miamibeach",8,21,3.312564435877897,Cucumber JalapeÃ±o Margari
78,59,17938619378111396,2022-07-31,6,Sun,7795,112,1,7851,0,0,113,https://www.instagram.com/reel/CgrrItwNRCx/,#miami #miamibeach #florida #drinks #coffee #matcha #cocktails,7,15,1.436818473380372,#miami #miamibeach #flori
79,60,17943286763235448,2022-08-22,0,Mon,152831,6423,26,148107,380,375,7204,https://www.instagram.com/reel/Chi1Julsjf7/,"Jelly iced coffee ğŸ¤ğŸ§ŠğŸ¥›

coffee Jelly:
-coffee
-unflavored gelatin 
-boiling water
-brown sugar

Iced Coffee:
-coffee jelly
-ice
-ginger brown sugar syrup
-milk
-cold brew

#coffee #coffeejelly #icedcoffee #coldbrew #miami #miamibeach #miaminightlife #florida #floridalife",9,02,4.202681393172851,"Jelly iced coffee ğŸ¤ğŸ§ŠğŸ¥›

co"
80,61,17948707052149754,2022-08-24,2,Weds,129428,3965,27,125943,406,277,4675,https://www.instagram.com/reel/ChqAbSROPaj/,"Funky mojito ğŸ‘ ğŸŒ± â¤ï¸ğŸ’š

-peach
-mint
-simple syrup
-lime juice
- ice
- rum
- sparkling water @drinkspindrift 

#mojito #mojitos #miami #fyp #ftlauderdale #florida #drinks #drink #cocktails",9,20,3.0634793089594217,"Funky mojito ğŸ‘ ğŸŒ± â¤ï¸ğŸ’š

-pe"
81,62,17917715570593708,2022-08-29,0,Mon,31882,713,9,32018,39,73,834,https://www.instagram.com/reel/Ch2mbjmDKhg/,"New obsession ğŸ’š
Caramel brown sugar matcha latte ğŸ§‹

-boba
-ginger brown sugar syrup
-salted caramel @talenti ice cream
-milk
-matcha

#matchalatte #matcha #matchalover #latte #florida #floridalife #floridakeys #fortlauderdale #miami #fyp #viral",11,19,2.236371620350041,"New obsession ğŸ’š
Caramel b"
82,63,17957440018979690,2022-08-31,2,Weds,1725,33,0,1686,1,0,34,https://www.instagram.com/reel/Ch74mobPh6Z/,"Cuba Libre ğŸ‡¨ğŸ‡º

Coke, rum, and lime ğŸ’š

#cubalibre #cocktails #cocktail #rum @diplomaticorum #asmr #fl #f #florida #miami",9,19,1.9130434782608694,"Cuba Libre ğŸ‡¨ğŸ‡º

Coke, rum,"
83,64,17978937763593940,2022-09-04,6,Sun,3172,90,3,3220,8,14,115,https://www.instagram.com/reel/CiGc7abtd20/,"New favorite way to make cocktails ğŸ‰ğŸ’šâ¤ï¸
Watermelon Paloma ğŸ•Š

-chamoy tajin rim
- ice
- watermelon juice
- lime juice
- @milagrotequila 
- @fevertreemixers pink grapefruit

#watermelon #delicious #margarita #paloma #miami #california #fyp #nicaragua #asmr #drinks #cocktails #tequila #viral",13,22,2.837326607818411,New favorite way to make 
84,65,17973389425738044,2022-09-07,2,Weds,2233,79,0,2286,9,2,90,https://www.instagram.com/reel/CiNrqX_MvU6/,"Michelada, the perfect drink for a long weekend with the fam â¤ï¸

- salt rim
- ice
- lemon juice
- Worcestershire
- pepper
- beer

#beer #michelada #longweekend #cocktails #drinks #asmr #laborday #miami #california #fortlauderdale #florida #laketahoe #fyp #viral",14,17,3.5378414688759516,"Michelada, the perfect dr"
85,66,17863556174755520,2022-09-09,4,Fri,471,27,2,454,2,1,32,https://www.instagram.com/reel/CiSpxhHjO1K/,"Caffeine ğŸ˜ with a touch of raspberry basil ğŸŒ¿ â™¥ï¸

#caffeine #coffee #icedcoffee #icedlatte #reels #coffeelover",6,15,5.7324840764331215,Caffeine ğŸ˜ with a touch o
86,67,17945032991104116,2022-09-10,5,Sat,531,28,0,524,1,0,29,https://www.instagram.com/reel/CiVvid0Axec/,"Mocha with matcha sweet cream ğŸ«ğŸ’š

Mocha
-dark chocolate chips
-hot coffee
-ice
-cold brew
Sweet cream:
-heavy cream
-matcha
-powdered sugar 

#coffee #matcha #matchalatte #mocha #icedmocha #icedlatte #latte #coffeetime #coffeelover #coffeeaddict #fyp #florida #miami #chocolate",14,20,5.273069679849341,Mocha with matcha sweet c
87,68,17943012653138098,2022-09-12,0,Mon,8837,121,2,8881,11,8,142,https://www.instagram.com/reel/CiazAb0LrUl/,"Orange Kiwi Gin and Tonic ğŸŠğŸ¥ğŸ§¡ğŸ’š 

- orange gin and tonic infusion
- gin
- lime juice
- ice
- dried caramelized orange
- kiwi
- @fevertreemixers tonic water

#ginandtonic #gin #cocktails #drinks #instagood #instafood #instalike #gintonic #fevertree #florida #miami #foryou #asmr",13,19,1.3692429557542152,Orange Kiwi Gin and Tonic
88,69,17931974087336542,2022-09-18,6,Sun,697,30,0,704,0,1,31,https://www.instagram.com/reel/CiqWwE4L1uq/,"What would you call it?

#coffee #coffeeaddict #coffeetime #coffeelover #coffeeholic #florida #miami",7,20,4.304160688665711,"What would you call it?

"
89,70,17856858401815038,2022-09-22,3,Thurs,720,40,1,700,2,3,46,https://www.instagram.com/reel/Ci0wQZLrqUx/,"Mango Matcha Latte ğŸ¥­ğŸ’šğŸ§¡

-mango
-ice
-milk
-simple syrup
-matcha

#matcha #matchalatte #matchatea #matchalover #latte #barista #fyp #instagood #instadaily #florida #miami #coffee #asmr",13,21,5.555555555555555,"Mango Matcha Latte ğŸ¥­ğŸ’šğŸ§¡

-"
90,71,17957223860039490,2022-09-29,3,Thurs,1810,135,2,1763,3,0,140,https://www.instagram.com/reel/CjGzpGApj-u/,"â˜•ï¸ or ğŸµ?

#latte #coffee #matcha #matchalatte #lattegram #coffeetime #icedcoffee #coffeeaddict #florida #miami #fyp #trending",12,21,7.458563535911603,"â˜•ï¸ or ğŸµ?

#latte #coffee "
91,72,17989574092573078,2022-10-03,0,Mon,9798,251,4,9842,12,8,275,https://www.instagram.com/reel/CjQbqvRPDcp/,"My all time favorite drinkğŸ’š Moscow Mule

-lime juice
-vodka
-crushed ice
- @fevertreemixers ginger beer
-mint

#moscowmule #moscowmuletime #vodka #miami #florida #drink #cocktails #drinks #ginger #asmr #fyp",11,15,2.5617472953664016,My all time favorite drin
92,73,18078764842310596,2022-10-04,1,Tues,4783,64,2,4664,4,0,70,https://www.instagram.com/reel/CjS8AbjMnpf/,"A creamy coconutty cocktail? Yes pleaseee ğŸ™ğŸ½ğŸ¥¥

#coconut #cocktails #margarita #margaritas #drink #5oclocksomewhere #viral #f #yum #tequila",10,14,1.338072339535856,A creamy coconutty cockta
94,74,18189254362210355,2022-10-10,0,Mon,324,19,4,319,0,0,23,https://www.instagram.com/reel/CjiNl2INtSL/,"Fig iced latte ğŸ’œ

-figs
-coffee
-brown sugar simple syrup
-milk

#latte #coffee #icedcoffee #icedlatte #fig #figs #coffeetime #coffeelover #coffeeaddict #coffeeshop #miami# asmr #fyp",13,13,5.864197530864197,"Fig iced latte ğŸ’œ

-figs
-"
95,75,17846305367849021,2022-10-14,4,Fri,278,21,0,277,0,0,21,https://www.instagram.com/reel/CjtFKpusey_/,"How good does this look!?!? And it tastes even better ğŸ˜‹ğŸ¤¤ğŸ¤¤

#matcha #drink #latte #yummy #instagood #instadaily #beauty #lifestyle #life #reelsinstagram #foryou #trending #cute",13,18,7.553956834532374,How good does this look!?
96,76,17942055410382191,2022-10-16,6,Sun,113202,7455,5,114368,225,112,7797,https://www.instagram.com/reel/CjyNaNjDuwh/,"Margarita gummies ğŸ’›â¤ï¸

- @milagrotequila 
-lime juice
-water
-honey 
-powdered jello 
-salt
-tajin

#margarita #tequila #tequilashots #shot #asmr #lime #margaritas #tequilatime #f #miami #fyp",11,18,6.58557269306196,"Margarita gummies ğŸ’›â¤ï¸

- "
97,77,17939187146289546,2022-10-17,0,Mon,223,34,1,212,1,0,36,https://www.instagram.com/reel/Cj06pUIplIy/,"ğŸ’¡, ğŸ¥, ğŸï¸

#coffee #matcha #latte #icedcoffee #fyp #viral #sound",7,19,15.246636771300448,"ğŸ’¡, ğŸ¥, ğŸï¸

#coffee #matcha"
98,78,17852015573826611,2022-10-22,5,Sat,274,22,1,265,1,1,25,https://www.instagram.com/reel/CkB4orAL9il/,"Brown Sugar Matcha Latte ğŸ¤ğŸ¤ğŸ’š

#matcha #matchalatte #icedcoffee #icedcoffeeaddict #icedmatchalatte #icedlatte #gilmoregirls #trending #viral #fyp",10,20,8.02919708029197,Brown Sugar Matcha Latte 
99,79,17984644081589290,2022-10-23,6,Sun,10840,122,2,9807,4,2,130,https://www.instagram.com/reel/CkESxqDORYa/,"JalapeÃ±o pineapple Margarita ğŸŒ¶ï¸ğŸ

-tajin rim
-pineapple juice
-sliced jalapeÃ±os
-lime juice
-tequila
-ice

#pineapple #margarita #tequila #limon #margaritas #yum #deli #asmr #v #f #florida",11,18,1.1254612546125462,JalapeÃ±o pineapple Margar
100,80,18216883387165049,2022-10-29,5,Sat,1209,38,0,1211,1,1,40,https://www.instagram.com/reel/CkT2YGdOb0K/,"La mejor manera de disfrutar la playa, con michelada en mano ğŸ» @cervezatona 

#michelada #beach #micheladas #cerveza #beer #beerstagram #playa #trago #toÃ±a",9,19,3.1430934656741107,La mejor manera de disfru
101,81,17892314717708576,2022-11-03,3,Thurs,194,21,2,187,0,0,23,https://www.instagram.com/reel/CkhER9ULUNf/,"Salted Cream Cold Foam Cold Brew

-cold brew
-heavy cream
-powdered sugar
-salt

#coldbrew #saltedcreamcoldfoamcoldbrew #saltedcream #coldbrewcoffee #coffee #coffeeholic #coffeelover #miami #florida #viral #starbucks #asmr #f",13,23,10.824742268041238,Salted Cream Cold Foam Co
102,82,17979843385655207,2022-11-08,1,Tues,1149,30,0,1169,1,2,33,https://www.instagram.com/reel/CktCzDTMfCu/,"A red velvet iced latte for those positive vibes ğŸ§˜â€â™€ï¸

#latte #icedlatte #coffee #coffeeholic #coffeehouse #coffetime #miami #florida #viral #redvelvet",10,14,2.610966057441253,A red velvet iced latte f
103,83,17971778458920941,2022-11-10,3,Thurs,1232,40,2,1211,0,0,42,https://www.instagram.com/reel/CkyQvNTuLzr/,"Just another coffee reel ğŸ˜‰ğŸ¥°â˜•ï¸

#coffeewithstyle #coffee #coffeeholic #coffeelover #coffeehouse #coffeetime #latteart #latte #viral #viralvideos #f #followforfollowback #florida",13,15,3.2467532467532463,Just another coffee reel 
104,84,17846913695866660,2022-11-13,6,Sun,197,15,3,190,0,0,18,https://www.instagram.com/reel/Ck6YETWsg2m/,"Avocado latte ğŸ¥‘ 

-avocado 
-condensed milk
-milk
-ice
-cold brew

#avocado #avocadolatte #icedcoffee #latte #cold #coldbrew #coldbrewcoffee #coffee #coffeetime #coffeelover #viral #asmr #fyp #miami",14,19,7.614213197969544,"Avocado latte ğŸ¥‘ 

-avocad"
105,85,17939354975520132,2022-11-20,6,Sun,341,21,0,320,0,1,22,https://www.instagram.com/reel/ClMXC9BrMLf/,"Strawberry Mocha Iced LatteğŸ“ğŸ«

-Chocolate
-Coffee
-Strawberries
-homemade strawberry syrup
-Ice
-milk

#icedlatte #mochacoffee #icedmocha #coffee #icedcoffee #coffeetime #strawberry #strawberries #coffeelovers #miami #asmr #fyp",12,18,6.158357771260997,Strawberry Mocha Iced Lat
107,86,17994203872605531,2022-11-22,1,Tues,271,18,0,263,0,0,18,https://www.instagram.com/reel/ClRVcXspz9T/,"Dirty Caramel Matcha Latte ğŸ’šğŸ¤ğŸ¤a full dose of antioxidants and energy ğŸ¤ª

#matcha #matchalatte #caramel #homemade #ice #icedlatte #latte #trending #trendingreels",9,17,6.642066420664207,Dirty Caramel Matcha Latt
108,87,18039289840399611,2022-12-03,5,Sat,848,54,1,835,4,3,62,https://www.instagram.com/reel/Clt6yRSvXK4/,"Pineapple Daiquiri ğŸğŸ‹

-lime juice
-ice
- honey
-pineapple juice
- rum

#daiquiri #daiquiris #pineapple #rum #flordecaÃ±a #floridalife #drink #cocktails #yum #asmr",10,19,6.367924528301887,"Pineapple Daiquiri ğŸğŸ‹

-l"
109,88,18170238997251713,2022-12-11,6,Sun,203,38,0,207,0,0,38,https://www.instagram.com/reel/CmCJI0CLgUN/,"Smoky Rum Old Fashion ğŸ”¥

Rosemary Clementine Flavored ğŸŠğŸŒ¿

-clementine rosemary syrup
-orange citrus bitters
- @donqrum 
-applewood chips for smoking
-orange peel

#oldfashioned #donq #rum #cocktails #oldfashion #rumcocktails #asmr #drinks",8,16,18.7192118226601,"Smoky Rum Old Fashion ğŸ”¥

"
110,89,18261443323190683,2022-12-31,5,Sat,646,18,0,595,1,0,19,https://www.instagram.com/reel/Cm2bHCCOARA/,"PiÃ±a Colada ğŸ¥¥ ğŸ 

ğŸ‰ğŸŠHappy New Year! ğŸ¾ğŸ¥‚

-coconut cream
-evaporated milk
-white rum
-frozen pineapple 

#piÃ±a #pinacolada #pinacoladağŸ¹ #newyear #happynewyear #cocktails #beach #love #viral #fy @flordecanarum",10,23,2.786377708978328,"PiÃ±a Colada ğŸ¥¥ ğŸ 

ğŸ‰ğŸŠHappy"
111,90,17874325871802254,2023-01-02,0,Mon,1394,45,1,1380,3,0,49,https://www.instagram.com/reel/Cm5RFLHOhfP/,"Macua ğŸ§¡ğŸŠğŸ’—

-ice
-guava juice 
-white rum
-bittersweet orange
-simple syrup 
-squeezed oranges

#macua #nicaragua #miami #miamibeach #cocktails #rum #floridalife #flordecaÃ±a #fyp",9,03,3.2281205164992826,"Macua ğŸ§¡ğŸŠğŸ’—

-ice
-guava ju"
113,91,17980627747818165,2023-02-05,6,Sun,691,29,0,631,0,0,29,https://www.instagram.com/reel/CoSXJyVNtnK/,"Whiskey Sour with a Lavender Twist ğŸ¥ƒğŸ‹ğŸ’œ

-whiskey
-lemon juice
-lavender simple syrup
-egg whites
-ice and shake ğŸ§Š
-lavender bitters

#whiskey #whiskeysour #lavender #cocktails #reels #drink #lemon #bitters #homemade #miami #california",11,16,4.196816208393632,Whiskey Sour with a Laven
114,92,17977751863900254,2023-03-11,5,Sat,300,29,3,279,1,0,33,https://www.instagram.com/reel/CpqSXrUL9F3/,Matcha and salted caramel - a matcha made in heaven! ğŸµğŸ¤¤ #matchalatte #saltedcaramel #coffeeholic,3,19,9.666666666666666,Matcha and salted caramel
116,93,17866852475872097,2023-03-14,1,Tues,263,24,3,239,1,0,28,https://www.instagram.com/reel/CpyQFZCLun4/,"When life gives you rosemary, smoke it and add whiskey ğŸŒ¿ğŸ¥ƒ

#smokedrosemarywhiskeysour
#cocktailhour
#mixology
#whiskeylover
#drinkstagram
#homebartender
#cheers
#drinkup
#craftcocktails
#rosemarycocktail
#fridaynightcocktails
#drinkoftheday
#whiskeycocktail
#imbibe
#drinkinspiration",15,21,9.125475285171103,When life gives you rosem
117,94,17962594139170786,2023-03-17,4,Fri,328,22,3,302,0,0,25,https://www.instagram.com/reel/Cp5x4c8L5_B/,"A little sweet, a little sour, and a whole lot of deliciousness - this dragonfruit mojito has it all! ğŸ™ŒğŸ¼ğŸ¹

-lime juice
-dragonfruit
-sugar
-ice
-rum
-club soda

#dragonfruitmojito
#tropicalcocktails
#mixology
#rumlover
#drinkstagram
#homebartender
#cheers
#drinkup
#craftcocktails
#summercocktails
#mojitotime
#drinkoftheday
#fruitycocktails
#refreshingdrinks
#drinkinspiration",15,20,6.707317073170732,"A little sweet, a little "
118,95,17958198077389121,2023-03-19,6,Sun,977,15,0,945,0,0,15,https://www.instagram.com/reel/Cp_VSmUvX1X/,"Let the golden hour last a little longer with a delicious golden berry margarita ğŸŒ…ğŸ¹

-lime juice
-lemon juice
-golden berries
-ice
-tequila
-honey
-tajin rim

#goldenberrymargarita
#tropicalcocktail
#summerdrinks
#margaritamadness
#drinkstagram",5,18,1.5353121801432956,Let the golden hour last 
119,96,18235014967164555,2023-03-20,0,Mon,60,8,0,56,1,0,9,https://www.instagram.com/reel/Cp6Ey1avAPM/,"Shake up your usual cocktail routine with this unique ginger, passionfruit, and pomegranate daiquiri. Your taste buds will thank you. ğŸ¤¤ğŸ¹ğŸ‘Œ

-lemon juice
-ginger extract
-simple syrup
-passionfruit juice
-promegrenate juice
-rum
-ice

#daiquirilover #gingerobsessed #passionfruitaddict #pomegranatelover #uniquedrinks #mixologyart #cocktailrecipe #happyhourvibes",8,18,13.333333333333334,Shake up your usual cockt
120,97,18284822017107281,2023-03-22,2,Weds,170,15,0,167,1,1,17,https://www.instagram.com/reel/CqGd4jJL5kE/,"Matcha Caramel Heaven â˜ï¸â˜ï¸â˜ï¸

-matcha
-hot water
-ice
-milk
-salted caramel sauce
-salt
-heavy cream

#matchalatte
#saltedcaramel
#matchaaddict
#greentealatte
#matchamoment
#latteart
#coffeeholic
#tealover
#foamy
#sweethappiness
#drinkstagram
#cozyvibes
#caffeinefix
#saltedcaramelmatcha
#sweetandbitter
#matchalove",16,18,8.823529411764707,Matcha Caramel Heaven â˜ï¸â˜
122,98,17962944191347354,2023-03-31,4,Fri,193,21,0,184,0,0,21,https://www.instagram.com/reel/CqeJECPrBAq/,"A cocktail thatâ€™s equal parts spicy, sweet, and smooth ğŸ˜ğŸ”¥â˜•ï¸ğŸ¹

-almond milk
-fireball
-espresso flavored rum
-rum
-cinammon
-ice

#cocktailhour
#spicycocktail
#rumlover
#espressoflavoredrum
#almondmilk
#cinnamoncocktail
#fireballwhiskey
#drinkstagram
#happyhour
#cheers
#cozycocktail
#fallcocktails
#mixology
#drinks
#bartenderlife
#drinkup
#wintercocktail
#cocktailoftheday",18,23,10.880829015544041,A cocktail thatâ€™s equal p
123,99,18134956240294499,2023-04-01,5,Sat,258,64,0,244,1,0,65,https://www.instagram.com/reel/CqgYKsvsuVx/,Simple pleasures â˜•ï¸â¤ï¸ #coffeeholic #lattegram,2,19,24.8062015503876,Simple pleasures â˜•ï¸â¤ï¸ #co
124,100,18086065984333653,2023-04-02,6,Sun,456,122,0,441,0,0,122,https://www.instagram.com/reel/CqigVndPEPa/,"Starting my day with a  fresh cup of coffee and the mesmerizing bloomâ˜•ï¸ğŸŒ¸ 

#coffeebloom #coffeelover #coffeeholic",3,15,26.75438596491228,Starting my day with a  f
126,101,17959727399433274,2023-04-05,2,Weds,633,196,2,634,3,0,201,https://www.instagram.com/reel/CqqPs-EMUx1/,Add some sweetness to your day with this condensed milk latte that will warm your soul and your taste buds ğŸ”¥â˜•ï¸ #coffeeislife #coffeelover #latteartporn,3,15,30.963665086887836,Add some sweetness to you
128,102,18183708352262536,2023-04-09,6,Sun,1491,391,0,1489,2,0,393,https://www.instagram.com/reel/Cq0Vv7Pu0m8/,"Coconut milk and matcha - the power couple you never knew you needed. Creamy, dreamy, and packed with antioxidantsğŸ’šğŸ¥¥

 #matchamademedoit #coconuttygoodness #lattegoals #antioxidantpowerhouse",4,13,26.22401073105298,Coconut milk and matcha -
130,103,18247586293158098,2023-04-13,3,Thurs,139,18,0,136,0,1,19,https://www.instagram.com/reel/Cq9pkIcvQ_z/,"Just when you thought matcha couldnâ€™t get any better... brown sugar syrup happens ğŸ¤©ğŸµ

#matchalatte
#brownsugarsyrup
#matchalover
#greentealatte
#matchaholic
#matchamoment
#coffeetime
#cofeefaddict
#teatime
#drinkstagram
#instadrink
#drinkup
#beverage
#caffeinefix
#sweettreat
#yum
#delicious
#foodie
#foodporn
#healthydrink",20,04,12.949640287769784,Just when you thought mat
131,104,17981292088988287,2023-04-13,3,Thurs,261,25,0,250,0,0,25,https://www.instagram.com/reel/CrHNQqQLHWh/,"You can never go wrong with a classic gin and tonic, but add some strawberries and mint and you have a game changer ğŸ“ğŸŒ¿ğŸ¹

-strawberry infused gin
-lime juice
-ice
-strawberries
- @fevertreemixers tonic water
-top with mint

#ginandtonic
#strawberrymint
#summervibes
#cocktailtime
#drinksofinstagram
#ginlovers
#mixology
#drinkup
#instacocktails
#happyhour
#cheers
#refreshing
#cocktailhour
#bartenderlife
#drinkporn
#cocktailrecipe
#homebartender
#drinkstagram
#imbibe
#ginoclock",20,19,9.578544061302683,You can never go wrong wi
135,105,17963306345398126,2023-04-28,4,Fri,12801,166,0,12784,2,0,168,https://www.instagram.com/reel/CrluUUFPdib/,"Why choose between coffee and matcha when you can have both in one epic drink? ğŸ™Œâ˜•ğŸµ - a match made in heaven ğŸ’šâ˜•

-coffe jello peices
-simple syrup
-ice
-milk
-matcha poweder
-hot water

#coffeejello
#matchalatte
#coffeeandmatcha
#drinkcombos
#caffeinefix
#dessertforbreakfast
#sweettreats
#coffeeholic
#matchalover
#foodphotography
#foodie
#drinkstagram
#coffeegram
#matchagram
#foodstagram
#drinkoftheday
#yummy
#foodporn",18,18,1.2967736895555035,Why choose between coffee
138,106,17958031079267698,2023-05-06,5,Sat,187,17,0,181,0,0,17,https://www.instagram.com/reel/Cr6JlpiLHGX/,"Who knew a latte could be so nutty and delicious! ğŸ˜‹â˜•ğŸŒ°ğŸ’š

-pistachios
-water
-milk
-simple syrup
-ice
-coffee

#pistachiolatte
#nuttygoodness
#coffeeaddict
#latteart
#baristalife
#coffeelover
#morningcoffee
#warmdrinks
#coffeeholic
#coffeebreak
#caffeinefix
#nuttycoffee
#deliciousdrinks
#cozyvibes
#drinksofinstagram
#tastytreats
#coffeeoftheday
#yum",18,16,9.090909090909092,Who knew a latte could be
139,107,17958989147244495,2023-05-12,4,Fri,126,17,0,121,0,0,17,https://www.instagram.com/reel/CsH9uUUrAqQ/,"A smoky and sophisticated sip ğŸ¥ƒğŸ”¥ğŸ‘Œ This cocktail made with smoked applewood and whiskey is perfect for any occasion where you want to impress your taste buds.

#SmokedCocktail #WhiskeyDrink #Applewood #CraftCocktail #Mixology #DrinkUp #Cheers #WeekendVibes #Instadrink #Drinkporn #BartenderLife #Sophisticated #Flavorful #TasteBuds",14,01,13.492063492063492,A smoky and sophisticated
140,108,18290728420185875,2023-05-14,6,Sun,13424,158,1,13370,8,7,174,https://www.instagram.com/reel/CsPHL1yO97I/,"Aperol spritz ğŸŠğŸ”¸

-aperol
-prosecco
- @drinkspindrift grapefruit sparkling water 

#aperol #aperolspritz #cocktails #fy #miami #f",6,20,1.1769964243146602,"Aperol spritz ğŸŠğŸ”¸

-aperol"
143,109,17994929696016771,2023-07-16,6,Sun,166,22,1,159,0,0,23,https://www.instagram.com/reel/Cuw0FugLui_/,"ğŸŒˆsip, sing, and taste the magic of colorful ginâ€™nâ€™tonic with pitayağŸ¶âœ¨

-ice
- @empress1908gin 
-lime juice
-pitaya
- @fevertreemixers tonic water

#gin #gintonic #fevertree #cocktails #yumm",5,15,13.253012048192772,"ğŸŒˆsip, sing, and taste the"
